aa,aaa,bbbb,dsfgsfgae,00/00/00,@.,123456789,Masculino
fgzd,srgaerrg,fdfgbad,dfbgdzfb,11/11/111,@@.,123456789,Femenino
xcvsfvsg,ssdfsdf,sdfgsdg,sdgcvxcv,11/11/11,@@@.,123456789,Masculino
dfsrg,sdgs,sdgvsdgv,sdvsdzg,77/77/77,@@.,123456789,Otro
Zeila,Shabez,Lope,zeila123,11/11/2002,zeilashbz@gmail.com,shbz12345,Femenino
ceyla,shave,lope,ceyla11,11/11/02,ceila11@gmail.com,12345678,Femenino
lala,shave,lope,lalalala11,11/11/2002,lala11@gmail.com,12345678,Femenino
aa,pp,mm,uu11,11/11/02,email@gmail.com,12345678,Masculino
aa,pp,mm,usuario123,02/02/02,usuario@gmail.com,12345678,Masculino
aaaaaa,aaaaasdfw,rgtgaew,yoyoyo,00/00/00,@@@.,123456789,Masculino
aa,aa,aa,asasa,88/88/88,@.,GOGOGOGO,Masculino
srgg,sdgs,sdggs,sdgsdgs,66/66/66,@.,123456789,Masculino
aa,aaaa,55,asasasa,44/44/44,@.,123456789,Masculino
aaa,aaaaaa,sdsd,acaca,44/44/44,@.,123456789,Masculino
ccc,ccc,ccc,ccccc,11/11/11,@.,123456789,Masculino
cgbdsdsd,dssdfsdsgs,sdgsdg,dmfjdjfdj,99/99/99,@.,147258369,Masculino
aaa,aaa,aaa,aaaaa,99/99/99,@@..,147258369,Masculino
